Mission_Name,Ship_Name
Starlink-15 (v1.0),GO Ms Tree
Starlink-15 (v1.0),GO Ms Chief
Starlink-15 (v1.0),Just Read The Instructions 2
Starlink-15 (v1.0),GO Quest
Crew-1,Of Course I Still Love You
GPS III SV04 (Sacagawea),Of Course I Still Love You
GPS III SV04 (Sacagawea),GO Quest
Starlink-14 (v1.0),GO Ms Tree
Starlink-14 (v1.0),GO Ms Chief
Starlink-14 (v1.0),Just Read The Instructions 2
Starlink-14 (v1.0),GO Quest
Starlink-13 (v1.0),GO Ms Tree
Starlink-13 (v1.0),GO Ms Chief
Starlink-13 (v1.0),Of Course I Still Love You
Starlink-13 (v1.0),GO Quest
Starlink-12 (v1.0),GO Quest
Starlink-12 (v1.0),Of Course I Still Love You
Starlink-12 (v1.0),GO Ms Chief
Starlink-12 (v1.0),GO Ms Tree
Starlink-11 (v1.0),GO Ms Tree
Starlink-11 (v1.0),GO Quest
"SAOCOM 1B, GNOMES-1, Tyvak-0172",GO Ms Chief
Starlink-10 (v1.0) & SkySat 19-21,GO Ms Tree
Starlink-10 (v1.0) & SkySat 19-21,GO Ms Chief
Starlink-10 (v1.0) & SkySat 19-21,Of Course I Still Love You
Starlink-10 (v1.0) & SkySat 19-21,GO Quest
Starlink-9 (v1.0) & BlackSky Global 5-6,GO Ms Chief
Starlink-9 (v1.0) & BlackSky Global 5-6,GO Ms Tree
Starlink-9 (v1.0) & BlackSky Global 5-6,Of Course I Still Love You
ANASIS-II,GO Ms Chief
ANASIS-II,GO Ms Tree
Starlink-8 & SkySat 16-18,GO Ms Tree
Starlink-8 & SkySat 16-18,GO Ms Chief
Starlink-8 & SkySat 16-18,GO Quest
Starlink-8 & SkySat 16-18,Of Course I Still Love You
CCtCap Demo Mission 2,Of Course I Still Love You
CCtCap Demo Mission 2,GO Quest
CCtCap Demo Mission 2,GO Searcher
CCtCap Demo Mission 2,GO Navigator
Starlink 6,Of Course I Still Love You
Starlink 6,GO Ms Tree
Starlink 6,GO Ms Chief
Starlink 5,Of Course I Still Love You
Starlink 4,GO Ms Tree
Starlink 4,GO Ms Chief
Starlink 4,GO Quest
Starlink 4,Of Course I Still Love You
Starlink 3,GO Ms Tree
Starlink 3,GO Ms Chief
Starlink 3,Of Course I Still Love You
Starlink 3,GO Quest
Crew Dragon In Flight Abort Test,GO Searcher
Starlink 2,GO Ms Tree
Starlink 2,Of Course I Still Love You
Starlink 2,GO Navigator
Starlink 2,GO Quest
JCSat 18 / Kacific 1,GO Ms Tree
JCSat 18 / Kacific 1,GO Ms Chief
JCSat 18 / Kacific 1,Of Course I Still Love You
Starlink 1,GO Ms Tree
Starlink 1,Of Course I Still Love You
Starlink 1,GO Navigator
Amos-17,GO Ms Tree
Amos-17,GO Navigator
STP-2,Of Course I Still Love You
STP-2,GO Quest
STP-2,GO Navigator
STP-2,GO Ms Tree
STP-2,Hollywood
Starlink v0.9,Of Course I Still Love You
Starlink v0.9,GO Searcher
Starlink v0.9,Hollywood
Starlink v0.9,GO Quest
Starlink v0.9,GO Navigator
CRS-17,Of Course I Still Love You
CRS-17,Hollywood
CRS-17,GO Quest
ArabSat 6A,Hollywood
ArabSat 6A,Of Course I Still Love You
ArabSat 6A,GO Quest
ArabSat 6A,GO Navigator
ArabSat 6A,GO Searcher
CCtCap Demo Mission 1,Of Course I Still Love You
Nusantara Satu (PSN-6) / S5 / Beresheet,Of Course I Still Love You
Iridium NEXT Mission 8,Just Read The Instructions 2
Iridium NEXT Mission 8,NRC Quest
Iridium NEXT Mission 8,Pacific Freeedom
CRS-16,GO Quest
SSO-A,Just Read The Instructions 2
SSO-A,NRC Quest
SSO-A,Pacific Freeedom
SSO-A,GO Ms Tree
Esâ€™hail 2,Of Course I Still Love You
Telstar 18V,Of Course I Still Love You
Telstar 18V,GO Quest
Merah Putih,Of Course I Still Love You
Iridium NEXT Mission 7,Just Read The Instructions 2
Iridium NEXT Mission 7,GO Ms Tree
Iridium NEXT Mission 7,NRC Quest
Iridium NEXT Mission 7,Pacific Freeedom
Telstar 19V,GO Quest
Telstar 19V,Of Course I Still Love You
CRS-15,NRC Quest
Iridium NEXT Mission 6,GO Ms Tree
Bangabandhu-1,GO Quest
Bangabandhu-1,Of Course I Still Love You
TESS,GO Quest
TESS,Of Course I Still Love You
CRS-14,NRC Quest
Iridium NEXT Mission 5,GO Ms Tree
Paz / Starlink Demo,GO Ms Tree
Falcon Heavy Test Flight,GO Searcher
Falcon Heavy Test Flight,Of Course I Still Love You
SES-16 / GovSat-1,GO Quest
Iridium NEXT Mission 4,GO Ms Tree
CRS-13,NRC Quest
KoreaSat 5A,GO Ms Tree
KoreaSat 5A,Of Course I Still Love You
SES-11 / Echostar 105,GO Quest
SES-11 / Echostar 105,Of Course I Still Love You
Iridium NEXT Mission 3,Just Read The Instructions 2
Boeing X-37B OTV-5,GO Quest
FormoSat-5,Just Read The Instructions 2
CRS-12,NRC Quest
Iridium NEXT Mission 2,Just Read The Instructions 2
Iridium NEXT Mission 2,NRC Quest
BulgariaSat-1,GO Quest
BulgariaSat-1,GO Searcher
BulgariaSat-1,Of Course I Still Love You
CRS-11,NRC Quest
NROL-76,GO Searcher
SES-10,GO Quest
SES-10,GO Searcher
SES-10,Of Course I Still Love You
CRS-10,NRC Quest
Iridium NEXT Mission 1,Just Read The Instructions 2
Iridium NEXT Mission 1,NRC Quest
JCSAT-16,GO Quest
JCSAT-16,GO Searcher
JCSAT-16,Of Course I Still Love You
CRS-9,GO Quest
CRS-9,GO Searcher
CRS-9,NRC Quest
ABS-2A / Eutelsat 117W B,GO Quest
ABS-2A / Eutelsat 117W B,GO Searcher
ABS-2A / Eutelsat 117W B,Of Course I Still Love You
Thaicom 8,GO Quest
Thaicom 8,GO Searcher
Thaicom 8,Of Course I Still Love You
JCSAT-2B,GO Quest
JCSAT-2B,GO Searcher
CRS-8,GO Quest
CRS-8,GO Searcher
CRS-8,NRC Quest
CRS-8,Of Course I Still Love You
SES-9,GO Quest
SES-9,GO Searcher
SES-9,Of Course I Still Love You
Jason 3,Just Read The Instructions 2
Jason 3,NRC Quest
Jason 3,Pacific Freeedom
CRS-7,GO Quest
CRS-7,GO Searcher
CRS-6,GO Quest
CRS-6,GO Searcher
CRS-6,NRC Quest
DSCOVR,GO Quest
DSCOVR,GO Searcher
CRS-5,GO Quest
CRS-5,GO Searcher
CRS-5,NRC Quest
